<?xml version="1.0" encoding="UTF-8"?>
<hackpact>
   <name>Eduardo H Obieta</name>
   <hp>
      <number>02</number>
      <code>
/*
Eduardo H Obieta
Hackpact 02 2015
*/
s.boot;
s.prepareForRecord;
s.record;
a={SinOsc.ar(880)}.play;
a.free;
s.stopRecording;</code>
      <link>"www.laad.com.mx/hp2015/eho/02_15.02.mp3"</link>
      <invite>Nombre de Invitado 02</invite>
   </hp>
   <hp>
      <number>01</number>
      <code>
/*
Eduardo H Obieta
Hackpact 01 2015
*/
s.boot;
s.prepareForRecord;
s.record;
a={SinOsc.ar(440)}.play;
a.free;
s.stopRecording;</code>
      <link>"www.laad.com.mx/hp2015/eho/01_15.01.mp3"</link>
      <invite>Nombre de Invitado 01</invite>
   </hp>
   <bio>
      <bioCont>//En caso de que deseen tener una sección con breve biografía o algo del estilo, puede ir aquí.

		Arquitecto. Lorem ipsum dolor sit amet, consectetur adipiscing elit. Sed dapibus nec nisi finibus scelerisque. Duis vel nunc risus. Aenean et nulla sed nisl aliquam cursus. Curabitur ac lacus elementum, molestie justo ullamcorper, suscipit eros. Donec ut dapibus purus, et consectetur mauris. Proin luctus rhoncus purus, ac tincidunt sem vulputate nec. Nullam non turpis euismod, malesuada magna a, ullamcorper arcu. Aliquam condimentum at sapien venenatis mattis. Vivamus viverra pulvinar ante quis fringilla. Cras eget vestibulum arcu. Interdum et malesuada fames ac ante ipsum primis in faucibus. Donec in nisl pretium, finibus nibh ut, rhoncus urna. Aliquam erat volutpat. Sed molestie, turpis a fermentum sodales, lorem nibh elementum diam, at auctor tellus est non nunc. Integer dapibus odio non feugiat pulvinar. Donec quis mattis nibh.</bioCont>
   </bio>
</hackpact>